{
  "LR": 0.6318439873185919,
  "Poisson": 2.2669462068925253e-06,
  "RF": 1.2782002457352947e-07,
  "LGB": 0.3681536179151765
}