{
  "LR": 0.6434359091764807,
  "Poisson": 8.881927845688482e-09,
  "RF": 3.2876725123511474e-06,
  "LGB": 0.3565607942690791
}