{
  "LR": 0.1803991857284799,
  "Poisson": 6.021542894064134e-08,
  "RF": 5.278307618340426e-07,
  "XGB": 0.7335310244102823,
  "LGB": 0.086069201815047
}