{
  "LR": 0.2062267143463587,
  "Poisson": 6.172463644055958e-08,
  "RF": 0.02172175300745265,
  "XGB": 0.6357338495194527,
  "LGB": 0.1363176214020996
}