{
  "LR": 0.16404302498512907,
  "Poisson": 1.4088866063446952e-07,
  "RF": 0.033201428634394944,
  "XGB": 0.7686387012287751,
  "LGB": 0.03411670426304022
}